function_id,rank_dqn,rank_standard_pso,rank_jade_de,rank_depso,rank_sdms_pso,rank_shade,rank_rde,rank_de,dqn,standard_pso,jade_de,depso,sdms_pso,shade,rde,de,count_dqn
5,9,8,4,7,6,5,2,1,43.135412305090675,28.85370145903616,5.0638933679811196,14.924350546227675,8.954626476020536,5.126804176988703,4.062176093929752,1.989918114254376,"{'o1': 4, 'o2': 1, 'o3': 2, 'o4': 1, 'o5': 49982, 'o6': 3, 'o7': 3, 'o8': 3, 'o9': 1}"
