{
    "fitness_history": [
        2103.1939790215556,
        0.2706817629162822,
        248.34132369208726,
        3.8100066463961246,
        19.512775509375984,
        0.3300734662953989,
        43.93357843401856,
        27.306026241964425,
        0.0005404610523949562,
        912.0914338510584,
        1393.4639468249884,
        0.00025871445551493345,
        0.2155150705804234,
        5.7282289985660055,
        11.298623760625116,
        1.9202689077843034,
        47.582026401011554,
        6.964778025586755,
        0.00057790929050551,
        772.8826718414293,
        244.8434428029807,
        0.00457671038276911,
        0.02571573434436007,
        4.818387787394162,
        13.929893892601106,
        0.32316455475729977,
        34.37450167722554,
        19.899159933648875,
        4.388463815610367e-05,
        1354.6852479274612,
        5105.232344859843,
        0.0013601938700056398,
        0.005695905679825741,
        5.086533595028159,
        9.949663993627555,
        0.7479712380468561,
        17.787676688587176,
        15.919329047265105,
        3.545062071838742,
        1055.720294439287,
        6870.014756064313,
        0.00013285269765841016,
        0.00017036071522574106,
        4.935233168208806,
        5.969754647046308,
        4.564689662382538,
        19.966684013814803,
        16.9142888571431,
        0.9086480371815474,
        347.27238322869425
    ],
    "operator_usage": {
        "o1": 467553,
        "o2": 396428,
        "o3": 447570,
        "o4": 393601,
        "o5": 430245,
        "o6": 364603
    },
    "exploration_rate": [
        0.48,
        0.56,
        0.48,
        0.56,
        0.42,
        0.52,
        0.48,
        0.62,
        0.42,
        0.52,
        0.4,
        0.54,
        0.54,
        0.5,
        0.4,
        0.64,
        0.54,
        0.42,
        0.48,
        0.44,
        0.56,
        0.54,
        0.5,
        0.48,
        0.48,
        0.42,
        0.46,
        0.58,
        0.56,
        0.46,
        0.5,
        0.58,
        0.5,
        0.52,
        0.52,
        0.5,
        0.56,
        0.64,
        0.44,
        0.38,
        0.52,
        0.46,
        0.44,
        0.42,
        0.56,
        0.46,
        0.52,
        0.5,
        0.52,
        0.46
    ]
}